1,tshirt1.jpg,VR Tshirt #1,599,1
2,tshirt2.jpg,VR Tshirt #2,599,1
3,tshirt3.jpg,VR Tshirt #3,599,1
4,tshirt4.jpg,VR Tshirt #4,599,1
5,tshirt5.jpg,VR Tshirt #5,599,1
6,tshirt6.jpg,VR Tshirt #6,599,1
7,tshirt7.jpg,VR Tshirt #7,599,1
8,tshirt8.jpg,VR Tshirt #8,599,1
9,tshirt9.jpg,VR Tshirt #9,599,1
10,tshirt10.jpg,VR Tshirt #10,599,1
11,tshirt11.jpg,VR Tshirt #11,599,1
12,tshirt12.jpg,VR Tshirt #12,599,1
13,tshirt13.jpg,VR Tshirt #13,599,1
14,tshirt14.jpg,VR Tshirt #14,599,1
15,tshirt15.jpg,VR Tshirt #15,599,1
16,tshirt16.jpg,VR Tshirt #16,599,1
17,tshirt17.jpg,VR Tshirt #17,599,1
18,tshirt18.jpg,VR Tshirt #18,599,1
19,tshirt19.jpg,VR Tshirt #19,599,1
20,tshirt20.jpg,VR Tshirt #20,599,1
21,tshirt21.jpg,VR Tshirt #21,599,1
22,tshirt22.jpg,VR Tshirt #22,599,1
23,tshirt23.jpg,VR Tshirt #23,599,1
24,tshirt24.jpg,VR Tshirt #24,599,1
25,tshirt25.jpg,VR Tshirt #25,599,1
26,tshirt26.jpg,VR Tshirt #26,599,1
27,tshirt27.jpg,VR Tshirt #27,599,1
28,tshirt28.jpg,VR Tshirt #28,599,1
29,tshirt29.jpg,VR Tshirt #29,599,1
30,tshirt30.jpg,VR Tshirt #30,599,1
31,tshirt31.jpg,VR Tshirt #31,599,1
32,tshirt32.jpg,VR Tshirt #32,599,1
33,tshirt33.jpg,VR Tshirt #33,599,1
34,tshirt34.jpg,VR Tshirt #34,599,1
35,tshirt35.jpg,VR Tshirt #35,499,1
36,tshirt36.jpg,VR Tshirt #36,499,1
37,tshirt37.jpg,VR Tshirt #37,499,1
38,tshirt38.jpg,VR Tshirt #38,499,1
39,tshirt39.jpg,VR Tshirt #39,499,1
40,tshirt40.jpg,VR Tshirt #40,499,1
41,tshirt41.jpg,VR Tshirt #41,499,1
42,tshirt42.jpg,VR Tshirt #42,499,1
43,tshirt43.jpg,VR Tshirt #43,499,1
44,tshirt44.jpg,VR Tshirt #44,499,1
45,tshirt45.jpg,VR Tshirt #45,499,1
46,tshirt46.jpg,VR Tshirt #46,499,1
47,tshirt47.jpg,VR Tshirt #47,499,1
48,tshirt48.jpg,VR Tshirt #48,499,1
49,tshirt49.jpg,VR Tshirt #49,499,1
50,tshirt50.jpg,VR Tshirt #50,499,1
51,tshirt51.jpg,VR Tshirt #51,499,1
52,tshirt52.jpg,VR Tshirt #52,499,1
53,tshirt53.jpg,VR Tshirt #53,499,1
54,tshirt54.jpg,VR Tshirt #54,499,1
55,tshirt55.jpg,VR Tshirt #55,499,1
56,tshirt56.jpg,VR Tshirt #56,499,1
57,tshirt57.jpg,VR Tshirt #57,499,1
58,tshirt58.jpg,VR Tshirt #58,499,1
59,tshirt59.jpg,VR Tshirt #59,499,1
60,tshirt60.jpg,VR Tshirt #60,499,1
61,tshirt61.jpg,VR Tshirt #61,499,1
62,tshirt62.jpg,VR Tshirt #62,499,1
63,tshirt63.jpg,VR Tshirt #63,499,1
64,tshirt64.jpg,VR Tshirt #64,499,1
65,tshirt65.jpg,VR Tshirt #65,499,1
66,tshirt66.jpg,VR Tshirt #66,499,1
67,tshirt67.jpg,VR Tshirt #67,499,1
68,tshirt68.jpg,VR Tshirt #68,499,1
69,tshirt69.jpg,VR Tshirt #69,499,1
70,tshirt70.jpg,VR Tshirt #70,499,1
71,tshirt71.jpg,VR Tshirt #71,499,1
72,tshirt72.jpg,VR Tshirt #72,499,1
73,tshirt73.jpg,VR Tshirt #73,499,1
74,tshirt74.jpg,VR Tshirt #74,499,1
75,tshirt75.jpg,VR Tshirt #75,499,1
76,tshirt76.jpg,VR Tshirt #76,499,1
77,tshirt77.jpg,VR Tshirt #77,499,1
78,tshirt78.jpg,VR Tshirt #78,499,1
79,tshirt79.jpg,VR Tshirt #79,499,1
80,tshirt80.jpg,VR Tshirt #80,499,1
81,tshirt81.jpg,VR Tshirt #81,499,1
82,tshirt82.jpg,VR Tshirt #82,499,1
83,tshirt83.jpg,VR Tshirt #83,499,1
84,tshirt84.jpg,VR Tshirt #84,499,1
85,tshirt85.jpg,VR Tshirt #85,499,1
86,tshirt86.jpg,VR Tshirt #86,499,1
87,tshirt87.jpg,VR Tshirt #87,499,1
88,tshirt88.jpg,VR Tshirt #88,499,1
89,tshirt89.jpg,VR Tshirt #89,499,1
90,tshirt90.jpg,VR Tshirt #90,499,1
91,tshirt91.jpg,VR Tshirt #91,499,1
92,tshirt92.jpg,VR Tshirt #92,499,1
93,tshirt93.jpg,VR Tshirt #93,499,1
94,tshirt94.jpg,VR Tshirt #94,799,1
95,tshirt95.jpg,VR Tshirt #95,799,1
96,tshirt96.jpg,VR Tshirt #96,799,1
97,tshirt97.jpg,VR Tshirt #97,799,1
98,tshirt98.jpg,VR Tshirt #98,799,1
99,tshirt99.jpg,VR Tshirt #99,799,1
100,tshirt100.jpg,VR Tshirt #100,799,1
101,tshirt101.jpg,VR Tshirt #101,799,1
102,tshirt102.jpg,VR Tshirt #102,799,1
103,tshirt103.jpg,VR Tshirt #103,799,1
104,tshirt104.jpg,VR Tshirt #104,799,1
105,tshirt105.jpg,VR Tshirt #105,799,1
106,tshirt106.jpg,VR Tshirt #106,799,1
107,tshirt107.jpg,VR Tshirt #107,799,1
108,tshirt108.jpg,VR Tshirt #108,799,1
109,tshirt109.jpg,VR Tshirt #109,799,1
110,tshirt110.jpg,VR Tshirt #110,799,1
111,tshirt111.jpg,VR Tshirt #111,799,1
112,tshirt112.jpg,VR Tshirt #112,799,1
113,tshirt113.jpg,VR Tshirt #113,799,1
114,tshirt114.jpg,VR Tshirt #114,799,1
115,tshirt115.jpg,VR Tshirt #115,799,1
116,tshirt116.jpg,VR Tshirt #116,799,1
117,tshirt117.jpg,VR Tshirt #117,799,1
118,tshirt118.jpg,VR Tshirt #118,799,1
119,tshirt119.jpg,VR Tshirt #119,799,1
120,tshirt120.jpg,VR Tshirt #120,799,1
121,tshirt121.jpg,VR Tshirt #121,799,1
122,tshirt122.jpg,VR Tshirt #122,799,1
123,tshirt123.jpg,VR Tshirt #123,799,1
124,tshirt124.jpg,VR Tshirt #124,799,1
125,tshirt125.jpg,VR Tshirt #125,799,1
126,tshirt126.jpg,VR Tshirt #126,799,1
127,tshirt127.jpg,VR Tshirt #127,799,1
128,tshirt128.jpg,VR Tshirt #128,799,1
129,tshirt129.jpg,VR Tshirt #129,799,1
130,tshirt130.jpg,VR Tshirt #130,799,1
131,tshirt131.jpg,VR Tshirt #131,799,1
132,tshirt132.jpg,VR Tshirt #132,799,1
133,tshirt133.jpg,VR Tshirt #133,799,1
134,tshirt134.jpg,VR Tshirt #134,799,1
135,tshirt135.jpg,VR Tshirt #135,799,1
136,tshirt136.jpg,VR Tshirt #136,799,1
137,tshirt137.jpg,VR Tshirt #137,799,1
138,tshirt138.jpg,VR Tshirt #138,799,1
139,tshirt139.jpg,VR Tshirt #139,799,1
140,tshirt140.jpg,VR Tshirt #140,799,1
141,tshirt141.jpg,VR Tshirt #141,799,1
142,tshirt142.jpg,VR Tshirt #142,799,1
143,tshirt143.jpg,VR Tshirt #143,799,1
144,tshirt144.jpg,VR Tshirt #144,799,1
145,tshirt145.jpg,VR Tshirt #145,799,1
146,tshirt146.jpg,VR Tshirt #146,799,1
147,tshirt147.jpg,VR Tshirt #147,799,1
148,tshirt148.jpg,VR Tshirt #148,799,1
149,tshirt149.jpg,VR Tshirt #149,799,1
150,tshirt150.jpg,VR Tshirt #150,799,1
151,tshirt151.jpg,VR Tshirt #151,799,1
152,tshirt152.jpg,VR Tshirt #152,799,1
153,tshirt153.jpg,VR Tshirt #153,799,1
154,tshirt154.jpg,VR Tshirt #154,799,1
155,tshirt155.jpg,VR Tshirt #155,799,1
156,tshirt156.jpg,VR Tshirt #156,799,1
157,tshirt157.jpg,VR Tshirt #157,799,1
158,tshirt158.jpg,VR Tshirt #158,799,1
159,tshirt159.jpg,VR Tshirt #159,799,1
160,tshirt160.jpg,VR Tshirt #160,799,1
161,tshirt161.jpg,VR Tshirt #161,799,1
162,tshirt162.jpg,VR Tshirt #162,799,1
163,tshirt163.jpg,VR Tshirt #163,799,1
164,tshirt164.jpg,VR Tshirt #164,799,1
165,tshirt165.jpg,VR Tshirt #165,799,1
166,tshirt166.jpg,VR Tshirt #166,799,1
167,tshirt167.jpg,VR Tshirt #167,799,1
168,tshirt168.jpg,VR Tshirt #168,799,1
169,tshirt169.jpg,VR Tshirt #169,799,1
170,tshirt170.jpg,VR Tshirt #170,799,1
171,tshirt171.jpg,VR Tshirt #171,799,1
172,tshirt172.jpg,VR Tshirt #172,799,1
173,tshirt173.jpg,VR Tshirt #173,799,1
174,tshirt174.jpg,VR Tshirt #174,799,1
175,tshirt175.jpg,VR Tshirt #175,799,1
176,tshirt176.jpg,VR Tshirt #176,799,1
177,tshirt177.jpg,VR Tshirt #177,799,1
178,tshirt178.jpg,VR Tshirt #178,799,1
179,tshirt179.jpg,VR Tshirt #179,799,1
180,tshirt180.jpg,VR Tshirt #180,799,1
181,tshirt181.jpg,VR Tshirt #181,799,1
182,tshirt182.jpg,VR Tshirt #182,799,1
183,tshirt183.jpg,VR Tshirt #183,799,1
184,tshirt184.jpg,VR Tshirt #184,799,1
185,tshirt185.jpg,VR Tshirt #185,799,1
186,tshirt186.jpg,VR Tshirt #186,799,1
187,tshirt187.jpg,VR Tshirt #187,799,1
188,tshirt188.jpg,VR Tshirt #188,799,1
189,tshirt189.jpg,VR Tshirt #189,799,1
190,tshirt190.jpg,VR Tshirt #190,799,1
191,tshirt191.jpg,VR Tshirt #191,799,1
192,tshirt192.jpg,VR Tshirt #192,799,1
193,tshirt193.jpg,VR Tshirt #193,799,1
194,tshirt194.jpg,VR Tshirt #194,799,1
195,tshirt195.jpg,VR Tshirt #195,799,1
196,tshirt196.jpg,VR Tshirt #196,799,1
197,tshirt197.jpg,VR Tshirt #197,799,1
198,tshirt198.jpg,VR Tshirt #198,799,1
199,tshirt199.jpg,VR Tshirt #199,799,1
200,tshirt200.jpg,VR Tshirt #200,599,1
201,tshirt201.jpg,VR Tshirt #201,599,1
202,tshirt202.jpg,VR Tshirt #202,599,1
203,tshirt203.jpg,VR Tshirt #203,599,1
204,tshirt204.jpg,VR Tshirt #204,599,1
205,tshirt205.jpg,VR Tshirt #205,599,1
206,tshirt206.jpg,VR Tshirt #206,599,1
207,tshirt207.jpg,VR Tshirt #207,599,1
208,tshirt208.jpg,VR Tshirt #208,599,1
209,tshirt209.jpg,VR Tshirt #209,599,1
210,tshirt210.jpg,VR Tshirt #210,599,1
211,tshirt211.jpg,VR Tshirt #211,599,1
212,tshirt212.jpg,VR Tshirt #212,599,1
213,tshirt213.jpg,VR Tshirt #213,599,1
214,tshirt214.jpg,VR Tshirt #214,599,1
215,tshirt215.jpg,VR Tshirt #215,599,1
216,tshirt216.jpg,VR Tshirt #216,599,1
217,tshirt217.jpg,VR Tshirt #217,599,1
218,tshirt218.jpg,VR Tshirt #218,599,1
219,tshirt219.jpg,VR Tshirt #219,599,1
220,tshirt220.jpg,VR Tshirt #220,599,1
221,tshirt221.jpg,VR Tshirt #221,599,1
222,tshirt222.jpg,VR Tshirt #222,599,1
223,tshirt223.jpg,VR Tshirt #223,599,1
224,tshirt224.jpg,VR Tshirt #224,599,1
225,tshirt225.jpg,VR Tshirt #225,999,1
226,tshirt226.jpg,VR Tshirt #226,999,1
227,tshirt227.jpg,VR Tshirt #227,999,1
228,tshirt228.jpg,VR Tshirt #228,999,1
229,tshirt229.jpg,VR Tshirt #229,999,1
230,tshirt230.jpg,VR Tshirt #230,999,1
231,tshirt231.jpg,VR Tshirt #231,999,1
232,tshirt232.jpg,VR Tshirt #232,999,1
233,tshirt233.jpg,VR Tshirt #233,999,1
234,tshirt234.jpg,VR Tshirt #234,999,1
235,tshirt235.jpg,VR Tshirt #235,999,1
236,tshirt236.jpg,VR Tshirt #236,999,1
237,tshirt237.jpg,VR Tshirt #237,999,1
238,tshirt238.jpg,VR Tshirt #238,999,1
239,tshirt239.jpg,VR Tshirt #239,999,1
240,tshirt240.jpg,VR Tshirt #240,999,1
241,tshirt241.jpg,VR Tshirt #241,999,1
242,tshirt242.jpg,VR Tshirt #242,999,1
243,tshirt243.jpg,VR Tshirt #243,999,1
244,tshirt244.jpg,VR Tshirt #244,999,1
245,tshirt245.jpg,VR Tshirt #245,999,1
246,tshirt246.jpg,VR Tshirt #246,999,1
247,tshirt247.jpg,VR Tshirt #247,999,1
248,tshirt248.jpg,VR Tshirt #248,999,1
249,tshirt249.jpg,VR Tshirt #249,999,1
250,tshirt250.jpg,VR Tshirt #250,999,1
251,tshirt251.jpg,VR Tshirt #251,999,1
252,tshirt252.jpg,VR Tshirt #252,999,1
253,tshirt253.jpg,VR Tshirt #253,999,1
254,tshirt254.jpg,VR Tshirt #254,999,1
255,tshirt255.jpg,VR Tshirt #255,999,1
256,tshirt256.jpg,VR Tshirt #256,999,1
257,tshirt257.jpg,VR Tshirt #257,999,1
258,tshirt258.jpg,VR Tshirt #258,999,1
259,tshirt259.jpg,VR Tshirt #259,999,1
260,tshirt260.jpg,VR Tshirt #260,299,1
261,tshirt261.jpg,VR Tshirt #261,299,1
262,tshirt262.jpg,VR Tshirt #262,299,1
263,tshirt263.jpg,VR Tshirt #263,299,1
264,tshirt264.jpg,VR Tshirt #264,299,1
265,tshirt265.jpg,VR Tshirt #265,299,1
266,tshirt266.jpg,VR Tshirt #266,299,1
267,tshirt267.jpg,VR Tshirt #267,299,1
268,tshirt268.jpg,VR Tshirt #268,299,1
269,tshirt269.jpg,VR Tshirt #269,299,1
270,tshirt270.jpg,VR Tshirt #270,299,1
271,tshirt271.jpg,VR Tshirt #271,299,1
272,tshirt272.jpg,VR Tshirt #272,299,1
273,tshirt273.jpg,VR Tshirt #273,299,1
274,tshirt274.jpg,VR Tshirt #274,299,1
275,tshirt275.jpg,VR Tshirt #275,299,1
276,tshirt276.jpg,VR Tshirt #276,299,1
277,tshirt277.jpg,VR Tshirt #277,299,1
278,tshirt278.jpg,VR Tshirt #278,299,1
279,tshirt279.jpg,VR Tshirt #279,299,1
280,tshirt280.jpg,VR Tshirt #280,299,1
281,tshirt281.jpg,VR Tshirt #281,299,1
282,tshirt282.jpg,VR Tshirt #282,299,1
283,tshirt283.jpg,VR Tshirt #283,299,1
284,tshirt284.jpg,VR Tshirt #284,299,1
285,tshirt285.jpg,VR Tshirt #285,299,1
286,tshirt286.jpg,VR Tshirt #286,299,1
287,tshirt287.jpg,VR Tshirt #287,299,1
288,tshirt288.jpg,VR Tshirt #288,299,1
289,tshirt289.jpg,VR Tshirt #289,299,1
290,tshirt290.jpg,VR Tshirt #290,299,1
291,tshirt291.jpg,VR Tshirt #291,299,1
292,tshirt292.jpg,VR Tshirt #292,299,1
293,tshirt293.jpg,VR Tshirt #293,299,1
294,tshirt294.jpg,VR Tshirt #294,749,1
295,tshirt295.jpg,VR Tshirt #295,749,1
296,tshirt296.jpg,VR Tshirt #296,749,1
297,tshirt297.jpg,VR Tshirt #297,749,1
298,tshirt298.jpg,VR Tshirt #298,749,1
299,tshirt299.jpg,VR Tshirt #299,749,1
300,tshirt300.jpg,VR Tshirt #300,749,1
301,tshirt301.jpg,VR Tshirt #301,749,1
302,tshirt302.jpg,VR Tshirt #302,749,1
303,tshirt303.jpg,VR Tshirt #303,749,1
304,tshirt304.jpg,VR Tshirt #304,749,1
305,tshirt305.jpg,VR Tshirt #305,749,1
306,tshirt306.jpg,VR Tshirt #306,749,1
307,tshirt307.jpg,VR Tshirt #307,749,1
308,tshirt308.jpg,VR Tshirt #308,749,1
309,tshirt309.jpg,VR Tshirt #309,749,1
310,tshirt310.jpg,VR Tshirt #310,749,1
311,tshirt311.jpg,VR Tshirt #311,749,1
312,tshirt312.jpg,VR Tshirt #312,749,1
313,tshirt313.jpg,VR Tshirt #313,749,1
314,tshirt314.jpg,VR Tshirt #314,749,1
315,tshirt315.jpg,VR Tshirt #315,749,1
316,tshirt316.jpg,VR Tshirt #316,749,1
317,tshirt317.jpg,VR Tshirt #317,749,1
318,tshirt318.jpg,VR Tshirt #318,749,1
319,tshirt319.jpg,VR Tshirt #319,749,1
320,tshirt320.jpg,VR Tshirt #320,749,1
321,tshirt321.jpg,VR Tshirt #321,749,1
322,tshirt322.jpg,VR Tshirt #322,749,1
323,tshirt323.jpg,VR Tshirt #323,749,1
324,tshirt324.jpg,VR Tshirt #324,749,1
325,tshirt325.jpg,VR Tshirt #325,749,1
326,tshirt326.jpg,VR Tshirt #326,749,1
327,tshirt327.jpg,VR Tshirt #327,749,1
328,tshirt328.jpg,VR Tshirt #328,749,1
329,tshirt329.jpg,VR Tshirt #329,749,1
330,tshirt330.jpg,VR Tshirt #330,749,1
331,tshirt331.jpg,VR Tshirt #331,749,1
332,tshirt332.jpg,VR Tshirt #332,749,1
333,tshirt333.jpg,VR Tshirt #333,749,1
334,tshirt334.jpg,VR Tshirt #334,749,1
335,tshirt335.jpg,VR Tshirt #335,749,1
336,tshirt336.jpg,VR Tshirt #336,749,1
337,tshirt337.jpg,VR Tshirt #337,749,1
338,tshirt338.jpg,VR Tshirt #338,749,1
339,tshirt339.jpg,VR Tshirt #339,749,1
340,tshirt340.jpg,VR Tshirt #340,749,1
341,tshirt341.jpg,VR Tshirt #341,749,1
342,tshirt342.jpg,VR Tshirt #342,749,1
343,tshirt343.jpg,VR Tshirt #343,749,1
344,tshirt344.jpg,VR Tshirt #344,749,1
345,tshirt345.jpg,VR Tshirt #345,749,1
346,tshirt346.jpg,VR Tshirt #346,749,1
347,tshirt347.jpg,VR Tshirt #347,749,1
348,tshirt348.jpg,VR Tshirt #348,749,1
349,tshirt349.jpg,VR Tshirt #349,749,1
350,tshirt350.jpg,VR Tshirt #350,749,1
351,tshirt351.jpg,VR Tshirt #351,749,1
352,tshirt352.jpg,VR Tshirt #352,749,1
353,tshirt353.jpg,VR Tshirt #353,749,1
354,tshirt354.jpg,VR Tshirt #354,749,1
355,tshirt355.jpg,VR Tshirt #355,749,1
356,tshirt356.jpg,VR Tshirt #356,749,1
357,tshirt357.jpg,VR Tshirt #357,749,1
358,tshirt358.jpg,VR Tshirt #358,749,1
359,tshirt359.jpg,VR Tshirt #359,749,1
360,tshirt360.jpg,VR Tshirt #360,749,1
361,tshirt361.jpg,VR Tshirt #361,749,1
362,tshirt362.jpg,VR Tshirt #362,749,1
363,tshirt363.jpg,VR Tshirt #363,749,1
364,tshirt364.jpg,VR Tshirt #364,749,1
365,tshirt365.jpg,VR Tshirt #365,749,1
366,tshirt366.jpg,VR Tshirt #366,749,1
367,tshirt367.jpg,VR Tshirt #367,749,1
368,tshirt368.jpg,VR Tshirt #368,749,1
369,tshirt369.jpg,VR Tshirt #369,749,1
370,tshirt370.jpg,VR Tshirt #370,749,1
371,tshirt371.jpg,VR Tshirt #371,749,1
372,tshirt372.jpg,VR Tshirt #372,749,1
373,tshirt373.jpg,VR Tshirt #373,749,1
374,tshirt374.jpg,VR Tshirt #374,749,1
375,tshirt375.jpg,VR Tshirt #375,749,1
376,tshirt376.jpg,VR Tshirt #376,749,1
377,tshirt377.jpg,VR Tshirt #377,749,1
378,tshirt378.jpg,VR Tshirt #378,749,1
379,tshirt379.jpg,VR Tshirt #379,749,1
380,tshirt380.jpg,VR Tshirt #380,749,1
381,tshirt381.jpg,VR Tshirt #381,749,1
382,tshirt382.jpg,VR Tshirt #382,749,1
383,tshirt383.jpg,VR Tshirt #383,749,1
384,tshirt384.jpg,VR Tshirt #384,749,1
385,tshirt385.jpg,VR Tshirt #385,749,1
386,tshirt386.jpg,VR Tshirt #386,608,1
387,tshirt387.jpg,VR Tshirt #387,608,1
388,tshirt388.jpg,VR Tshirt #388,608,1
389,tshirt389.jpg,VR Tshirt #389,608,1
390,tshirt390.jpg,VR Tshirt #390,608,1
391,tshirt391.jpg,VR Tshirt #391,608,1
392,tshirt392.jpg,VR Tshirt #392,608,1
393,tshirt393.jpg,VR Tshirt #393,608,1
394,tshirt394.jpg,VR Tshirt #394,608,1
395,tshirt395.jpg,VR Tshirt #395,608,1
396,tshirt396.jpg,VR Tshirt #396,608,1
397,tshirt397.jpg,VR Tshirt #397,608,1
398,tshirt398.jpg,VR Tshirt #398,608,1
399,tshirt399.jpg,VR Tshirt #399,608,1
400,tshirt400.jpg,VR Tshirt #400,608,1
401,tshirt401.jpg,VR Tshirt #401,608,1
402,tshirt402.jpg,VR Tshirt #402,608,1
403,tshirt403.jpg,VR Tshirt #403,608,1
404,tshirt404.jpg,VR Tshirt #404,608,1
405,tshirt405.jpg,VR Tshirt #405,608,1
406,tshirt406.jpg,VR Tshirt #406,608,1
407,tshirt407.jpg,VR Tshirt #407,608,1
408,tshirt408.jpg,VR Tshirt #408,608,1
409,tshirt409.jpg,VR Tshirt #409,608,1
410,tshirt410.jpg,VR Tshirt #410,608,1
411,tshirt411.jpg,VR Tshirt #411,608,1
412,tshirt412.jpg,VR Tshirt #412,608,1
413,tshirt413.jpg,VR Tshirt #413,608,1
414,tshirt414.jpg,VR Tshirt #414,608,1
415,tshirt415.jpg,VR Tshirt #415,608,1
416,tshirt416.jpg,VR Tshirt #416,608,1
417,tshirt417.jpg,VR Tshirt #417,608,1
418,tshirt418.jpg,VR Tshirt #418,608,1
419,tshirt419.jpg,VR Tshirt #419,608,1
420,tshirt420.jpg,VR Tshirt #420,608,1
421,tshirt421.jpg,VR Tshirt #421,608,1
422,tshirt422.jpg,VR Tshirt #422,608,1
423,tshirt423.jpg,VR Tshirt #423,608,1
424,tshirt424.jpg,VR Tshirt #424,608,1
425,tshirt425.jpg,VR Tshirt #425,608,1
426,tshirt426.jpg,VR Tshirt #426,608,1
427,tshirt427.jpg,VR Tshirt #427,608,1
428,tshirt428.jpg,VR Tshirt #428,608,1
429,tshirt429.jpg,VR Tshirt #429,608,1
430,tshirt430.jpg,VR Tshirt #430,608,1
431,tshirt431.jpg,VR Tshirt #431,608,1
432,tshirt432.jpg,VR Tshirt #432,608,1
433,tshirt433.jpg,VR Tshirt #433,608,1
434,tshirt434.jpg,VR Tshirt #434,608,1
435,tshirt435.jpg,VR Tshirt #435,608,1
436,tshirt436.jpg,VR Tshirt #436,608,1
437,tshirt437.jpg,VR Tshirt #437,608,1
438,tshirt438.jpg,VR Tshirt #438,608,1
439,tshirt439.jpg,VR Tshirt #439,608,1
440,tshirt440.jpg,VR Tshirt #440,608,1
441,tshirt441.jpg,VR Tshirt #441,608,1
442,tshirt442.jpg,VR Tshirt #442,608,1
443,tshirt443.jpg,VR Tshirt #443,608,1
444,tshirt444.jpg,VR Tshirt #444,608,1
445,tshirt445.jpg,VR Tshirt #445,608,1
446,tshirt446.jpg,VR Tshirt #446,608,1
447,tshirt447.jpg,VR Tshirt #447,608,1
448,tshirt448.jpg,VR Tshirt #448,608,1
449,tshirt449.jpg,VR Tshirt #449,608,1
450,tshirt450.jpg,VR Tshirt #450,608,1
451,tshirt451.jpg,VR Tshirt #451,608,1
452,tshirt452.jpg,VR Tshirt #452,608,1
453,tshirt453.jpg,VR Tshirt #453,608,1
454,tshirt454.jpg,VR Tshirt #454,608,1
455,tshirt455.jpg,VR Tshirt #455,608,1
456,tshirt456.jpg,VR Tshirt #456,608,1
457,tshirt457.jpg,VR Tshirt #457,608,1
458,tshirt458.jpg,VR Tshirt #458,608,1
459,tshirt459.jpg,VR Tshirt #459,608,1
460,tshirt460.jpg,VR Tshirt #460,608,1
461,tshirt461.jpg,VR Tshirt #461,608,1
462,tshirt462.jpg,VR Tshirt #462,608,1
463,tshirt463.jpg,VR Tshirt #463,608,1
464,tshirt464.jpg,VR Tshirt #464,608,1
465,tshirt465.jpg,VR Tshirt #465,608,1
466,tshirt466.jpg,VR Tshirt #466,608,1
467,tshirt467.jpg,VR Tshirt #467,608,1
468,tshirt468.jpg,VR Tshirt #468,608,1
469,tshirt469.jpg,VR Tshirt #469,608,1
470,tshirt470.jpg,VR Tshirt #470,608,1
471,tshirt471.jpg,VR Tshirt #471,608,1
472,tshirt472.jpg,VR Tshirt #472,608,1
473,tshirt473.jpg,VR Tshirt #473,608,1
474,tshirt474.jpg,VR Tshirt #474,608,1
475,tshirt475.jpg,VR Tshirt #475,608,1
476,tshirt476.jpg,VR Tshirt #476,608,1
477,tshirt477.jpg,VR Tshirt #477,608,1
478,tshirt478.jpg,VR Tshirt #478,608,1
479,tshirt479.jpg,VR Tshirt #479,608,1
480,tshirt480.jpg,VR Tshirt #480,608,1
481,tshirt481.jpg,VR Tshirt #481,608,1
482,tshirt482.jpg,VR Tshirt #482,608,1
483,tshirt483.jpg,VR Tshirt #483,608,1
484,tshirt484.jpg,VR Tshirt #484,608,1
485,tshirt485.jpg,VR Tshirt #485,608,1
486,tshirt486.jpg,VR Tshirt #486,608,1
487,tshirt487.jpg,VR Tshirt #487,608,1
488,tshirt488.jpg,VR Tshirt #488,608,1
489,tshirt489.jpg,VR Tshirt #489,608,1
490,tshirt490.jpg,VR Tshirt #490,608,1
491,tshirt491.jpg,VR Tshirt #491,608,1
492,tshirt492.jpg,VR Tshirt #492,608,1
493,tshirt493.jpg,VR Tshirt #493,608,1
494,tshirt494.jpg,VR Tshirt #494,608,1
495,tshirt495.jpg,VR Tshirt #495,608,1
496,tshirt496.jpg,VR Tshirt #496,608,1
497,tshirt497.jpg,VR Tshirt #497,608,1
498,tshirt498.jpg,VR Tshirt #498,608,1
499,tshirt499.jpg,VR Tshirt #499,608,1
500,tshirt500.jpg,VR Tshirt #500,608,1
501,tshirt501.jpg,VR Tshirt #501,608,1
502,tshirt502.jpg,VR Tshirt #502,608,1
503,tshirt503.jpg,VR Tshirt #503,608,1
504,tshirt504.jpg,VR Tshirt #504,608,1
505,tshirt505.jpg,VR Tshirt #505,608,1
506,tshirt506.jpg,VR Tshirt #506,608,1
507,tshirt507.jpg,VR Tshirt #507,608,1
508,tshirt508.jpg,VR Tshirt #508,608,1
509,tshirt509.jpg,VR Tshirt #509,608,1
510,tshirt510.jpg,VR Tshirt #510,608,1
511,tshirt511.jpg,VR Tshirt #511,608,1
512,tshirt512.jpg,VR Tshirt #512,608,1
513,tshirt513.jpg,VR Tshirt #513,608,1
514,tshirt514.jpg,VR Tshirt #514,608,1
515,tshirt515.jpg,VR Tshirt #515,608,1
516,tshirt516.jpg,VR Tshirt #516,608,1
517,tshirt517.jpg,VR Tshirt #517,608,1
518,tshirt518.jpg,VR Tshirt #518,608,1
519,tshirt519.jpg,VR Tshirt #519,608,1
520,tshirt520.jpg,VR Tshirt #520,608,1
521,tshirt521.jpg,VR Tshirt #521,608,1
522,tshirt522.jpg,VR Tshirt #522,608,1
523,tshirt523.jpg,VR Tshirt #523,608,1
524,tshirt524.jpg,VR Tshirt #524,608,1
525,tshirt525.jpg,VR Tshirt #525,608,1
526,tshirt526.jpg,VR Tshirt #526,608,1
527,tshirt527.jpg,VR Tshirt #527,608,1
528,tshirt528.jpg,VR Tshirt #528,608,1
529,tshirt529.jpg,VR Tshirt #529,608,1
530,tshirt530.jpg,VR Tshirt #530,608,1
531,tshirt531.jpg,VR Tshirt #531,608,1
532,tshirt532.jpg,VR Tshirt #532,608,1
533,tshirt533.jpg,VR Tshirt #533,608,1
534,tshirt534.jpg,VR Tshirt #534,608,1
535,tshirt535.jpg,VR Tshirt #535,608,1
536,tshirt536.jpg,VR Tshirt #536,608,1
537,tshirt537.jpg,VR Tshirt #537,608,1
538,tshirt538.jpg,VR Tshirt #538,608,1
539,tshirt539.jpg,VR Tshirt #539,608,1
540,tshirt540.jpg,VR Tshirt #540,608,1
541,tshirt541.jpg,VR Tshirt #541,608,1
542,tshirt542.jpg,VR Tshirt #542,608,1
543,tshirt543.jpg,VR Tshirt #543,608,1
544,tshirt544.jpg,VR Tshirt #544,608,1
545,tshirt545.jpg,VR Tshirt #545,608,1
546,tshirt546.jpg,VR Tshirt #546,608,1
547,tshirt547.jpg,VR Tshirt #547,608,1
548,tshirt548.jpg,VR Tshirt #548,608,1
549,tshirt549.jpg,VR Tshirt #549,608,1
550,tshirt550.jpg,VR Tshirt #550,608,1
551,tshirt551.jpg,VR Tshirt #551,608,1
552,tshirt552.jpg,VR Tshirt #552,608,1
553,tshirt553.jpg,VR Tshirt #553,608,1
554,tshirt554.jpg,VR Tshirt #554,608,1
555,tshirt555.jpg,VR Tshirt #555,608,1
556,tshirt556.jpg,VR Tshirt #556,608,1
557,tshirt557.jpg,VR Tshirt #557,608,1
558,tshirt558.jpg,VR Tshirt #558,608,1
559,tshirt559.jpg,VR Tshirt #559,608,1
560,tshirt560.jpg,VR Tshirt #560,608,1
561,tshirt561.jpg,VR Tshirt #561,608,1
562,tshirt562.jpg,VR Tshirt #562,608,1
563,tshirt563.jpg,VR Tshirt #563,608,1
564,tshirt564.jpg,VR Tshirt #564,608,1
565,tshirt565.jpg,VR Tshirt #565,608,1
566,tshirt566.jpg,VR Tshirt #566,608,1
567,tshirt567.jpg,VR Tshirt #567,608,1
568,tshirt568.jpg,VR Tshirt #568,608,1
569,tshirt569.jpg,VR Tshirt #569,608,1
570,tshirt570.jpg,VR Tshirt #570,608,1
571,tshirt571.jpg,VR Tshirt #571,608,1
572,tshirt572.jpg,VR Tshirt #572,608,1
573,tshirt573.jpg,VR Tshirt #573,608,1
574,tshirt574.jpg,VR Tshirt #574,608,1
575,tshirt575.jpg,VR Tshirt #575,608,1
576,tshirt576.jpg,VR Tshirt #576,608,1
577,tshirt577.jpg,VR Tshirt #577,608,1
578,tshirt578.jpg,VR Tshirt #578,608,1
579,tshirt579.jpg,VR Tshirt #579,608,1
580,tshirt580.jpg,VR Tshirt #580,608,1
581,tshirt581.jpg,VR Tshirt #581,608,1
582,tshirt582.jpg,VR Tshirt #582,608,1
583,tshirt583.jpg,VR Tshirt #583,608,1
584,tshirt584.jpg,VR Tshirt #584,608,1
585,tshirt585.jpg,VR Tshirt #585,608,1
586,tshirt586.jpg,VR Tshirt #586,608,1
587,tshirt587.jpg,VR Tshirt #587,608,1
588,tshirt588.jpg,VR Tshirt #588,608,1
589,tshirt589.jpg,VR Tshirt #589,608,1
590,tshirt590.jpg,VR Tshirt #590,608,1
591,tshirt591.jpg,VR Tshirt #591,608,1
592,tshirt592.jpg,VR Tshirt #592,608,1
593,tshirt593.jpg,VR Tshirt #593,608,1
594,tshirt594.jpg,VR Tshirt #594,608,1
595,tshirt595.jpg,VR Tshirt #595,608,1
596,tshirt596.jpg,VR Tshirt #596,608,1
597,tshirt597.jpg,VR Tshirt #597,608,1
598,tshirt598.jpg,VR Tshirt #598,608,1
599,tshirt599.jpg,VR Tshirt #599,608,1
600,tshirt600.jpg,VR Tshirt #600,608,1
601,tshirt601.jpg,VR Tshirt #601,608,1
602,tshirt602.jpg,VR Tshirt #602,608,1
603,tshirt603.jpg,VR Tshirt #603,608,1
604,tshirt604.jpg,VR Tshirt #604,608,1
605,tshirt605.jpg,VR Tshirt #605,608,1
606,tshirt606.jpg,VR Tshirt #606,608,1
607,tshirt607.jpg,VR Tshirt #607,608,1
608,tshirt608.jpg,VR Tshirt #608,608,1
609,tshirt609.jpg,VR Tshirt #609,608,1
610,tshirt610.jpg,VR Tshirt #610,608,1
611,tshirt611.jpg,VR Tshirt #611,608,1
612,tshirt612.jpg,VR Tshirt #612,608,1
613,tshirt613.jpg,VR Tshirt #613,608,1
614,tshirt614.jpg,VR Tshirt #614,608,1
615,tshirt615.jpg,VR Tshirt #615,608,1
616,tshirt616.jpg,VR Tshirt #616,608,1
617,tshirt617.jpg,VR Tshirt #617,608,1
618,tshirt618.jpg,VR Tshirt #618,608,1
619,tshirt619.jpg,VR Tshirt #619,608,1
620,tshirt620.jpg,VR Tshirt #620,608,1
621,tshirt621.jpg,VR Tshirt #621,608,1
622,tshirt622.jpg,VR Tshirt #622,608,1
623,tshirt623.jpg,VR Tshirt #623,608,1
624,tshirt624.jpg,VR Tshirt #624,608,1
625,tshirt625.jpg,VR Tshirt #625,608,1
626,tshirt626.jpg,VR Tshirt #626,608,1
627,tshirt627.jpg,VR Tshirt #627,608,1
628,tshirt628.jpg,VR Tshirt #628,608,1
629,tshirt629.jpg,VR Tshirt #629,608,1
630,tshirt630.jpg,VR Tshirt #630,608,1
631,tshirt631.jpg,VR Tshirt #631,608,1
632,tshirt632.jpg,VR Tshirt #632,608,1
633,tshirt633.jpg,VR Tshirt #633,608,1
634,tshirt634.jpg,VR Tshirt #634,608,1
635,tshirt635.jpg,VR Tshirt #635,608,1
636,tshirt636.jpg,VR Tshirt #636,608,1
637,tshirt637.jpg,VR Tshirt #637,608,1
638,tshirt638.jpg,VR Tshirt #638,608,1
639,tshirt639.jpg,VR Tshirt #639,608,1
640,tshirt640.jpg,VR Tshirt #640,608,1
641,tshirt641.jpg,VR Tshirt #641,608,1
642,tshirt642.jpg,VR Tshirt #642,608,1
643,tshirt643.jpg,VR Tshirt #643,608,1
644,tshirt644.jpg,VR Tshirt #644,608,1
645,tshirt645.jpg,VR Tshirt #645,608,1
646,tshirt646.jpg,VR Tshirt #646,608,1
647,tshirt647.jpg,VR Tshirt #647,608,1
648,tshirt648.jpg,VR Tshirt #648,608,1
649,tshirt649.jpg,VR Tshirt #649,608,1
650,tshirt650.jpg,VR Tshirt #650,608,1
651,tshirt651.jpg,VR Tshirt #651,608,1
652,tshirt652.jpg,VR Tshirt #652,608,1
653,tshirt653.jpg,VR Tshirt #653,608,1
654,tshirt654.jpg,VR Tshirt #654,608,1
655,tshirt655.jpg,VR Tshirt #655,608,1
656,tshirt656.jpg,VR Tshirt #656,608,1
657,tshirt657.jpg,VR Tshirt #657,608,1
658,tshirt658.jpg,VR Tshirt #658,608,1
659,tshirt659.jpg,VR Tshirt #659,608,1
660,tshirt660.jpg,VR Tshirt #660,608,1
661,tshirt661.jpg,VR Tshirt #661,608,1
662,tshirt662.jpg,VR Tshirt #662,608,1
663,tshirt663.jpg,VR Tshirt #663,608,1
664,tshirt664.jpg,VR Tshirt #664,608,1
665,tshirt665.jpg,VR Tshirt #665,608,1
666,tshirt666.jpg,VR Tshirt #666,608,1
667,tshirt667.jpg,VR Tshirt #667,608,1
668,tshirt668.jpg,VR Tshirt #668,608,1
669,tshirt669.jpg,VR Tshirt #669,608,1
670,tshirt670.jpg,VR Tshirt #670,608,1
671,tshirt671.jpg,VR Tshirt #671,608,1
672,tshirt672.jpg,VR Tshirt #672,608,1
673,tshirt673.jpg,VR Tshirt #673,608,1
674,tshirt674.jpg,VR Tshirt #674,608,1
675,tshirt675.jpg,VR Tshirt #675,608,1
676,tshirt676.jpg,VR Tshirt #676,608,1
677,tshirt677.jpg,VR Tshirt #677,608,1
678,tshirt678.jpg,VR Tshirt #678,608,1
679,tshirt679.jpg,VR Tshirt #679,608,1
680,tshirt680.jpg,VR Tshirt #680,608,1
681,tshirt681.jpg,VR Tshirt #681,608,1
682,tshirt682.jpg,VR Tshirt #682,608,1
683,tshirt683.jpg,VR Tshirt #683,608,1
684,tshirt684.jpg,VR Tshirt #684,608,1
685,tshirt685.jpg,VR Tshirt #685,608,1
686,tshirt686.jpg,VR Tshirt #686,608,1
687,tshirt687.jpg,VR Tshirt #687,608,1
688,tshirt688.jpg,VR Tshirt #688,608,1
689,tshirt689.jpg,VR Tshirt #689,608,1
690,tshirt690.jpg,VR Tshirt #690,608,1
691,tshirt691.jpg,VR Tshirt #691,608,1
692,tshirt692.jpg,VR Tshirt #692,608,1
693,tshirt693.jpg,VR Tshirt #693,608,1
694,tshirt694.jpg,VR Tshirt #694,608,1
695,tshirt695.jpg,VR Tshirt #695,608,1
696,tshirt696.jpg,VR Tshirt #696,608,1
697,tshirt697.jpg,VR Tshirt #697,608,1
698,tshirt698.jpg,VR Tshirt #698,608,1
699,tshirt699.jpg,VR Tshirt #699,608,1
700,tshirt700.jpg,VR Tshirt #700,608,1
701,tshirt701.jpg,VR Tshirt #701,608,1
702,tshirt702.jpg,VR Tshirt #702,608,1
703,tshirt703.jpg,VR Tshirt #703,608,1
704,tshirt704.jpg,VR Tshirt #704,608,1
705,tshirt705.jpg,VR Tshirt #705,608,1
706,tshirt706.jpg,VR Tshirt #706,608,1
707,tshirt707.jpg,VR Tshirt #707,608,1
708,tshirt708.jpg,VR Tshirt #708,608,1
709,tshirt709.jpg,VR Tshirt #709,608,1
710,tshirt710.jpg,VR Tshirt #710,608,1
711,tshirt711.jpg,VR Tshirt #711,608,1
712,tshirt712.jpg,VR Tshirt #712,608,1
713,tshirt713.jpg,VR Tshirt #713,608,1
714,tshirt714.jpg,VR Tshirt #714,608,1
715,tshirt715.jpg,VR Tshirt #715,608,1
716,tshirt716.jpg,VR Tshirt #716,608,1
717,tshirt717.jpg,VR Tshirt #717,608,1
718,tshirt718.jpg,VR Tshirt #718,608,1
719,tshirt719.jpg,VR Tshirt #719,608,1
720,tshirt720.jpg,VR Tshirt #720,608,1
721,tshirt721.jpg,VR Tshirt #721,608,1
722,tshirt722.jpg,VR Tshirt #722,608,1
723,tshirt723.jpg,VR Tshirt #723,608,1
724,tshirt724.jpg,VR Tshirt #724,608,1
725,tshirt725.jpg,VR Tshirt #725,608,1
726,tshirt726.jpg,VR Tshirt #726,608,1
727,tshirt727.jpg,VR Tshirt #727,608,1
728,tshirt728.jpg,VR Tshirt #728,608,1
729,tshirt729.jpg,VR Tshirt #729,608,1
730,tshirt730.jpg,VR Tshirt #730,608,1
731,tshirt731.jpg,VR Tshirt #731,608,1
732,tshirt732.jpg,VR Tshirt #732,608,1
733,tshirt733.jpg,VR Tshirt #733,608,1
734,tshirt734.jpg,VR Tshirt #734,608,1
735,tshirt735.jpg,VR Tshirt #735,608,1
736,tshirt736.jpg,VR Tshirt #736,608,1
737,tshirt737.jpg,VR Tshirt #737,608,1
738,shirt1.jpg,VR Shirt #1,699,2
739,shirt2.jpg,VR Shirt #2,699,2
740,shirt3.jpg,VR Shirt #3,699,2
741,shirt4.jpg,VR Shirt #4,699,2
742,shirt5.jpg,VR Shirt #5,699,2
743,shirt6.jpg,VR Shirt #6,699,2
744,shirt7.jpg,VR Shirt #7,699,2
745,shirt8.jpg,VR Shirt #8,699,2
746,shirt9.jpg,VR Shirt #9,699,2
747,shirt10.jpg,VR Shirt #10,699,2
748,shirt11.jpg,VR Shirt #11,699,2
749,shirt12.jpg,VR Shirt #12,699,2
750,shirt13.jpg,VR Shirt #13,699,2
751,shirt14.jpg,VR Shirt #14,699,2
752,shirt15.jpg,VR Shirt #15,699,2
753,shirt16.jpg,VR Shirt #16,699,2
754,shirt17.jpg,VR Shirt #17,699,2
755,shirt18.jpg,VR Shirt #18,699,2
756,shirt19.jpg,VR Shirt #19,699,2
757,shirt20.jpg,VR Shirt #20,699,2
758,shirt21.jpg,VR Shirt #21,699,2
759,shirt22.jpg,VR Shirt #22,699,2
760,shirt23.jpg,VR Shirt #23,699,2
761,shirt24.jpg,VR Shirt #24,1299,2
762,shirt25.jpg,VR Shirt #25,1299,2
763,shirt26.jpg,VR Shirt #26,1299,2
764,shirt27.jpg,VR Shirt #27,1299,2
765,shirt28.jpg,VR Shirt #28,1299,2
766,shirt29.jpg,VR Shirt #29,1299,2
767,shirt30.jpg,VR Shirt #30,1299,2
768,shirt31.jpg,VR Shirt #31,1299,2
769,shirt32.jpg,VR Shirt #32,1299,2
770,shirt33.jpg,VR Shirt #33,1299,2
771,shirt34.jpg,VR Shirt #34,1299,2
772,shirt35.jpg,VR Shirt #35,1299,2
773,shirt36.jpg,VR Shirt #36,1299,2
774,shirt37.jpg,VR Shirt #37,1299,2
775,shirt38.jpg,VR Shirt #38,1299,2
776,shirt39.jpg,VR Shirt #39,1299,2
777,shirt40.jpg,VR Shirt #40,1299,2
778,shirt41.jpg,VR Shirt #41,1299,2
779,shirt42.jpg,VR Shirt #42,1299,2
780,shirt43.jpg,VR Shirt #43,1299,2
781,shirt44.jpg,VR Shirt #44,1299,2
782,shirt45.jpg,VR Shirt #45,1299,2
783,shirt46.jpg,VR Shirt #46,1299,2
784,shirt47.jpg,VR Shirt #47,1299,2
785,shirt48.jpg,VR Shirt #48,1299,2
786,shirt49.jpg,VR Shirt #49,1299,2
787,shirt50.jpg,VR Shirt #50,1299,2
788,shirt51.jpg,VR Shirt #51,1299,2
789,shirt52.jpg,VR Shirt #52,1299,2
790,shirt53.jpg,VR Shirt #53,1299,2
791,shirt54.jpg,VR Shirt #54,1299,2
792,shirt55.jpg,VR Shirt #55,1299,2
793,shirt56.jpg,VR Shirt #56,1299,2
794,shirt57.jpg,VR Shirt #57,1299,2
795,shirt58.jpg,VR Shirt #58,1299,2
796,shirt59.jpg,VR Shirt #59,1299,2
797,shirt60.jpg,VR Shirt #60,1299,2
798,shirt61.jpg,VR Shirt #61,1299,2
799,shirt62.jpg,VR Shirt #62,1299,2
800,shirt63.jpg,VR Shirt #63,1299,2
801,shirt64.jpg,VR Shirt #64,1299,2
802,shirt65.jpg,VR Shirt #65,1299,2
803,shirt66.jpg,VR Shirt #66,1299,2
804,shirt67.jpg,VR Shirt #67,1299,2
805,shirt68.jpg,VR Shirt #68,1299,2
806,shirt69.jpg,VR Shirt #69,1299,2
807,shirt70.jpg,VR Shirt #70,1299,2
808,shirt71.jpg,VR Shirt #71,1299,2
809,shirt72.jpg,VR Shirt #72,699,2
810,shirt73.jpg,VR Shirt #73,699,2
811,shirt74.jpg,VR Shirt #74,699,2
812,shirt75.jpg,VR Shirt #75,699,2
813,shirt76.jpg,VR Shirt #76,699,2
814,shirt77.jpg,VR Shirt #77,699,2
815,shirt78.jpg,VR Shirt #78,699,2
816,shirt79.jpg,VR Shirt #79,699,2
817,shirt80.jpg,VR Shirt #80,699,2
818,shirt81.jpg,VR Shirt #81,699,2
819,shirt82.jpg,VR Shirt #82,356,2
820,shirt83.jpg,VR Shirt #83,356,2
821,shirt84.jpg,VR Shirt #84,356,2
822,shirt85.jpg,VR Shirt #85,356,2
823,shirt86.jpg,VR Shirt #86,356,2
824,shirt87.jpg,VR Shirt #87,356,2
825,shirt88.jpg,VR Shirt #88,356,2
826,shirt89.jpg,VR Shirt #89,356,2
827,shirt90.jpg,VR Shirt #90,356,2
828,shirt91.jpg,VR Shirt #91,356,2
829,shirt92.jpg,VR Shirt #92,356,2
830,shirt93.jpg,VR Shirt #93,356,2
831,shirt94.jpg,VR Shirt #94,356,2
832,shirt95.jpg,VR Shirt #95,356,2
833,shirt96.jpg,VR Shirt #96,356,2
834,shirt97.jpg,VR Shirt #97,356,2
835,shirt98.jpg,VR Shirt #98,356,2
836,shirt99.jpg,VR Shirt #99,356,2
837,shirt100.jpg,VR Shirt #100,356,2
838,shirt101.jpg,VR Shirt #101,356,2
839,shirt102.jpg,VR Shirt #102,356,2
840,shirt103.jpg,VR Shirt #103,356,2
841,shirt104.jpg,VR Shirt #104,356,2
842,shirt105.jpg,VR Shirt #105,356,2
843,shirt106.jpg,VR Shirt #106,356,2
844,shirt107.jpg,VR Shirt #107,356,2
845,shirt108.jpg,VR Shirt #108,356,2
846,shirt109.jpg,VR Shirt #109,356,2
847,shirt110.jpg,VR Shirt #110,356,2
848,shirt111.jpg,VR Shirt #111,356,2
849,shirt112.jpg,VR Shirt #112,356,2
850,shirt113.jpg,VR Shirt #113,356,2
851,shirt114.jpg,VR Shirt #114,356,2
852,shirt115.jpg,VR Shirt #115,356,2
853,shirt116.jpg,VR Shirt #116,356,2
854,shirt117.jpg,VR Shirt #117,356,2
855,shirt118.jpg,VR Shirt #118,356,2
856,shirt119.jpg,VR Shirt #119,356,2
857,shirt120.jpg,VR Shirt #120,356,2
858,shirt121.jpg,VR Shirt #121,356,2
859,shirt122.jpg,VR Shirt #122,356,2
860,shirt123.jpg,VR Shirt #123,356,2
861,shirt124.jpg,VR Shirt #124,356,2
862,shirt125.jpg,VR Shirt #125,356,2
863,shirt126.jpg,VR Shirt #126,356,2
864,shirt127.jpg,VR Shirt #127,356,2
865,shirt128.jpg,VR Shirt #128,356,2
866,shirt129.jpg,VR Shirt #129,356,2
867,shirt130.jpg,VR Shirt #130,356,2
868,shirt131.jpg,VR Shirt #131,356,2
869,shirt132.jpg,VR Shirt #132,356,2
870,shirt133.jpg,VR Shirt #133,356,2
871,shirt134.jpg,VR Shirt #134,356,2
872,shirt135.jpg,VR Shirt #135,356,2
873,shirt136.jpg,VR Shirt #136,356,2
874,shirt137.jpg,VR Shirt #137,356,2
875,shirt138.jpg,VR Shirt #138,356,2
876,shirt139.jpg,VR Shirt #139,699,2
877,shirt140.jpg,VR Shirt #140,699,2
878,shirt141.jpg,VR Shirt #141,699,2
879,shirt142.jpg,VR Shirt #142,699,2
880,shirt143.jpg,VR Shirt #143,699,2
881,shirt144.jpg,VR Shirt #144,699,2
882,shirt145.jpg,VR Shirt #145,699,2
883,shirt146.jpg,VR Shirt #146,699,2
884,shirt147.jpg,VR Shirt #147,699,2
885,shirt148.jpg,VR Shirt #148,699,2
886,shirt149.jpg,VR Shirt #149,699,2
887,shirt150.jpg,VR Shirt #150,699,2
888,shirt151.jpg,VR Shirt #151,699,2
889,shirt152.jpg,VR Shirt #152,699,2
890,shirt153.jpg,VR Shirt #153,699,2
891,shirt154.jpg,VR Shirt #154,699,2
892,shirt155.jpg,VR Shirt #155,699,2
893,shirt156.jpg,VR Shirt #156,699,2
894,shirt157.jpg,VR Shirt #157,699,2
895,shirt158.jpg,VR Shirt #158,699,2
896,shirt159.jpg,VR Shirt #159,699,2
897,shirt160.jpg,VR Shirt #160,699,2
898,shirt161.jpg,VR Shirt #161,699,2
899,shirt162.jpg,VR Shirt #162,699,2
900,shirt163.jpg,VR Shirt #163,699,2
901,shirt164.jpg,VR Shirt #164,699,2
902,shirt165.jpg,VR Shirt #165,699,2
903,shirt166.jpg,VR Shirt #166,699,2
904,shirt167.jpg,VR Shirt #167,699,2
905,shirt168.jpg,VR Shirt #168,699,2
906,shirt169.jpg,VR Shirt #169,699,2
907,shirt170.jpg,VR Shirt #170,699,2
908,shirt171.jpg,VR Shirt #171,699,2
909,shirt172.jpg,VR Shirt #172,699,2
910,shirt173.jpg,VR Shirt #173,699,2
911,shirt174.jpg,VR Shirt #174,699,2
912,shirt175.jpg,VR Shirt #175,699,2
913,shirt176.jpg,VR Shirt #176,699,2
914,shirt177.jpg,VR Shirt #177,699,2
915,shirt178.jpg,VR Shirt #178,699,2
916,shirt179.jpg,VR Shirt #179,699,2
917,shirt180.jpg,VR Shirt #180,699,2
918,shirt181.jpg,VR Shirt #181,349,2
919,shirt182.jpg,VR Shirt #182,349,2
920,shirt183.jpg,VR Shirt #183,349,2
921,shirt184.jpg,VR Shirt #184,349,2
922,shirt185.jpg,VR Shirt #185,349,2
923,shirt186.jpg,VR Shirt #186,349,2
924,shirt187.jpg,VR Shirt #187,349,2
925,shirt188.jpg,VR Shirt #188,349,2
926,shirt189.jpg,VR Shirt #189,349,2
927,shirt190.jpg,VR Shirt #190,349,2
928,shirt191.jpg,VR Shirt #191,349,2
929,shirt192.jpg,VR Shirt #192,349,2
930,shirt193.jpg,VR Shirt #193,349,2
931,shirt194.jpg,VR Shirt #194,349,2
932,shirt195.jpg,VR Shirt #195,349,2
933,shirt196.jpg,VR Shirt #196,349,2
934,shirt197.jpg,VR Shirt #197,349,2
935,shirt198.jpg,VR Shirt #198,349,2
936,shirt199.jpg,VR Shirt #199,349,2
937,shirt200.jpg,VR Shirt #200,349,2
938,shirt201.jpg,VR Shirt #201,349,2
939,shirt202.jpg,VR Shirt #202,349,2
940,shirt203.jpg,VR Shirt #203,349,2
941,shirt204.jpg,VR Shirt #204,349,2
942,shirt205.jpg,VR Shirt #205,349,2
943,shirt206.jpg,VR Shirt #206,349,2
944,shirt207.jpg,VR Shirt #207,349,2
945,shirt208.jpg,VR Shirt #208,349,2
946,shirt209.jpg,VR Shirt #209,349,2
947,shirt210.jpg,VR Shirt #210,349,2
948,shirt211.jpg,VR Shirt #211,349,2
949,shirt212.jpg,VR Shirt #212,349,2
950,shirt213.jpg,VR Shirt #213,349,2
951,shirt214.jpg,VR Shirt #214,349,2
952,shirt215.jpg,VR Shirt #215,349,2
953,shirt216.jpg,VR Shirt #216,349,2
954,shirt217.jpg,VR Shirt #217,349,2
955,shirt218.jpg,VR Shirt #218,349,2
956,shirt219.jpg,VR Shirt #219,349,2
957,shirt220.jpg,VR Shirt #220,349,2
958,shirt221.jpg,VR Shirt #221,349,2
959,shirt222.jpg,VR Shirt #222,349,2
960,shirt223.jpg,VR Shirt #223,349,2
961,shirt224.jpg,VR Shirt #224,349,2
962,shirt225.jpg,VR Shirt #225,349,2
963,shirt226.jpg,VR Shirt #226,349,2
964,shirt227.jpg,VR Shirt #227,349,2
965,shirt228.jpg,VR Shirt #228,349,2
966,shirt229.jpg,VR Shirt #229,349,2
967,shirt230.jpg,VR Shirt #230,349,2
968,shirt231.jpg,VR Shirt #231,349,2
969,shirt232.jpg,VR Shirt #232,349,2
970,shirt233.jpg,VR Shirt #233,349,2
971,shirt234.jpg,VR Shirt #234,349,2
972,shirt235.jpg,VR Shirt #235,349,2
973,shirt236.jpg,VR Shirt #236,349,2
974,shirt237.jpg,VR Shirt #237,349,2
975,shirt238.jpg,VR Shirt #238,349,2
976,shirt239.jpg,VR Shirt #239,349,2
977,shirt240.jpg,VR Shirt #240,349,2
978,shirt241.jpg,VR Shirt #241,349,2
979,shirt242.jpg,VR Shirt #242,349,2
980,shirt243.jpg,VR Shirt #243,349,2
981,shirt244.jpg,VR Shirt #244,349,2
982,shirt245.jpg,VR Shirt #245,349,2
983,shirt246.jpg,VR Shirt #246,349,2
984,shirt247.jpg,VR Shirt #247,349,2
985,shirt248.jpg,VR Shirt #248,349,2
986,shirt249.jpg,VR Shirt #249,349,2
987,shirt250.jpg,VR Shirt #250,349,2
988,shirt251.jpg,VR Shirt #251,349,2
989,shirt252.jpg,VR Shirt #252,349,2
990,shirt253.jpg,VR Shirt #253,699,2
991,shirt254.jpg,VR Shirt #254,699,2
992,shirt255.jpg,VR Shirt #255,699,2
993,shirt256.jpg,VR Shirt #256,699,2
994,shirt257.jpg,VR Shirt #257,699,2
995,shirt258.jpg,VR Shirt #258,699,2
996,shirt259.jpg,VR Shirt #259,699,2
997,shirt260.jpg,VR Shirt #260,699,2
998,shirt261.jpg,VR Shirt #261,699,2
999,shirt262.jpg,VR Shirt #262,699,2
1000,shirt263.jpg,VR Shirt #263,699,2
1001,shirt264.jpg,VR Shirt #264,699,2
1002,shirt265.jpg,VR Shirt #265,699,2
1003,shirt266.jpg,VR Shirt #266,699,2
1004,shirt267.jpg,VR Shirt #267,699,2
1005,shirt268.jpg,VR Shirt #268,699,2
1006,shirt269.jpg,VR Shirt #269,699,2
1007,shirt270.jpg,VR Shirt #270,699,2
1008,shirt271.jpg,VR Shirt #271,699,2
1009,shirt272.jpg,VR Shirt #272,699,2
1010,shirt273.jpg,VR Shirt #273,699,2
1011,shirt274.jpg,VR Shirt #274,699,2
1012,shirt275.jpg,VR Shirt #275,699,2
1013,shirt276.jpg,VR Shirt #276,699,2
1014,shirt277.jpg,VR Shirt #277,699,2
1015,shirt278.jpg,VR Shirt #278,699,2
1016,shirt279.jpg,VR Shirt #279,699,2
1017,shirt280.jpg,VR Shirt #280,699,2
1018,shirt281.jpg,VR Shirt #281,699,2
1019,shirt282.jpg,VR Shirt #282,699,2
1020,shirt283.jpg,VR Shirt #283,699,2
1021,shirt284.jpg,VR Shirt #284,699,2
1022,shirt285.jpg,VR Shirt #285,699,2
1023,shirt286.jpg,VR Shirt #286,699,2
1024,shirt287.jpg,VR Shirt #287,699,2
1025,shirt288.jpg,VR Shirt #288,699,2
1026,shirt289.jpg,VR Shirt #289,699,2
1027,shirt290.jpg,VR Shirt #290,699,2
1028,shirt291.jpg,VR Shirt #291,699,2
1029,shirt292.jpg,VR Shirt #292,699,2
1030,shirt293.jpg,VR Shirt #293,699,2
1031,shirt294.jpg,VR Shirt #294,699,2
1032,shirt295.jpg,VR Shirt #295,699,2
1033,shirt296.jpg,VR Shirt #296,699,2
1034,shirt297.jpg,VR Shirt #297,699,2
1035,shirt298.jpg,VR Shirt #298,699,2
1036,shirt299.jpg,VR Shirt #299,699,2
1037,shirt300.jpg,VR Shirt #300,699,2
1038,shirt301.jpg,VR Shirt #301,699,2
1039,shirt302.jpg,VR Shirt #302,699,2
1040,shirt303.jpg,VR Shirt #303,699,2
1041,shirt304.jpg,VR Shirt #304,699,2
1042,shirt305.jpg,VR Shirt #305,699,2
1043,shirt306.jpg,VR Shirt #306,699,2
1044,shirt307.jpg,VR Shirt #307,699,2
1045,shirt308.jpg,VR Shirt #308,699,2
1046,shirt309.jpg,VR Shirt #309,699,2
1047,shirt310.jpg,VR Shirt #310,699,2
1048,shirt311.jpg,VR Shirt #311,699,2
1049,shirt312.jpg,VR Shirt #312,699,2
1050,shirt313.jpg,VR Shirt #313,699,2
1051,shirt314.jpg,VR Shirt #314,699,2
1052,shirt315.jpg,VR Shirt #315,699,2
1053,shirt316.jpg,VR Shirt #316,699,2
1054,shirt317.jpg,VR Shirt #317,699,2
1055,shirt318.jpg,VR Shirt #318,699,2
1056,shirt319.jpg,VR Shirt #319,699,2
1057,shirt320.jpg,VR Shirt #320,699,2
1058,shirt321.jpg,VR Shirt #321,699,2
1059,shirt322.jpg,VR Shirt #322,699,2
1060,shirt323.jpg,VR Shirt #323,699,2
1061,shirt324.jpg,VR Shirt #324,699,2
1062,shirt325.jpg,VR Shirt #325,699,2
1063,shirt326.jpg,VR Shirt #326,699,2
1064,shirt327.jpg,VR Shirt #327,699,2
1065,shirt328.jpg,VR Shirt #328,699,2
1066,shirt329.jpg,VR Shirt #329,699,2
1067,shirt330.jpg,VR Shirt #330,699,2
1068,shirt331.jpg,VR Shirt #331,699,2
1069,shirt332.jpg,VR Shirt #332,699,2
1070,shirt333.jpg,VR Shirt #333,699,2
1071,shirt334.jpg,VR Shirt #334,699,2
1072,shirt335.jpg,VR Shirt #335,699,2
1073,shirt336.jpg,VR Shirt #336,699,2
1074,shirt337.jpg,VR Shirt #337,699,2
1075,shirt338.jpg,VR Shirt #338,699,2
1076,shirt339.jpg,VR Shirt #339,699,2
1077,shirt340.jpg,VR Shirt #340,699,2
1078,shirt341.jpg,VR Shirt #341,699,2
1079,shirt342.jpg,VR Shirt #342,699,2
1080,shirt343.jpg,VR Shirt #343,699,2
1081,shirt344.jpg,VR Shirt #344,699,2
1082,shirt345.jpg,VR Shirt #345,699,2
1083,shirt346.jpg,VR Shirt #346,699,2
1084,shirt347.jpg,VR Shirt #347,699,2
1085,shirt348.jpg,VR Shirt #348,699,2
1086,shirt349.jpg,VR Shirt #349,699,2
1087,shirt350.jpg,VR Shirt #350,699,2
1088,shirt351.jpg,VR Shirt #351,699,2
1089,shirt352.jpg,VR Shirt #352,699,2
1090,shirt353.jpg,VR Shirt #353,699,2
1091,shirt354.jpg,VR Shirt #354,699,2
1092,shirt355.jpg,VR Shirt #355,699,2
1093,shirt356.jpg,VR Shirt #356,699,2
1094,shirt357.jpg,VR Shirt #357,699,2
1095,shirt358.jpg,VR Shirt #358,699,2
1096,shirt359.jpg,VR Shirt #359,699,2
1097,shirt360.jpg,VR Shirt #360,699,2
1098,shirt361.jpg,VR Shirt #361,699,2
1099,shirt362.jpg,VR Shirt #362,699,2
1100,shirt363.jpg,VR Shirt #363,699,2
1101,shirt364.jpg,VR Shirt #364,699,2
1102,shirt365.jpg,VR Shirt #365,699,2
1103,shirt366.jpg,VR Shirt #366,699,2
1104,shirt367.jpg,VR Shirt #367,699,2
1105,shirt368.jpg,VR Shirt #368,699,2
1106,shirt369.jpg,VR Shirt #369,699,2
1107,shirt370.jpg,VR Shirt #370,699,2
1108,shirt371.jpg,VR Shirt #371,699,2
1109,shirt372.jpg,VR Shirt #372,699,2
1110,shirt373.jpg,VR Shirt #373,699,2
1111,shirt374.jpg,VR Shirt #374,699,2
1112,shirt375.jpg,VR Shirt #375,699,2
1113,shirt376.jpg,VR Shirt #376,699,2
1114,shirt377.jpg,VR Shirt #377,699,2
1115,shirt378.jpg,VR Shirt #378,699,2
1116,shirt379.jpg,VR Shirt #379,699,2
1117,shirt380.jpg,VR Shirt #380,699,2
1118,shirt381.jpg,VR Shirt #381,699,2
1119,shirt382.jpg,VR Shirt #382,699,2
1120,shirt383.jpg,VR Shirt #383,699,2
1121,shirt384.jpg,VR Shirt #384,699,2
1122,shirt385.jpg,VR Shirt #385,699,2
1123,shirt386.jpg,VR Shirt #386,699,2
1124,shirt387.jpg,VR Shirt #387,699,2
1125,shirt388.jpg,VR Shirt #388,699,2
1126,shirt389.jpg,VR Shirt #389,699,2
1127,shirt390.jpg,VR Shirt #390,699,2
1128,shirt391.jpg,VR Shirt #391,749,2
1129,shirt392.jpg,VR Shirt #392,749,2
1130,shirt393.jpg,VR Shirt #393,749,2
1131,shirt394.jpg,VR Shirt #394,749,2
1132,shirt395.jpg,VR Shirt #395,749,2
1133,shirt396.jpg,VR Shirt #396,749,2
1134,shirt397.jpg,VR Shirt #397,749,2
1135,shirt398.jpg,VR Shirt #398,749,2
1136,shirt399.jpg,VR Shirt #399,749,2
1137,shirt400.jpg,VR Shirt #400,749,2
1138,shirt401.jpg,VR Shirt #401,749,2
1139,shirt402.jpg,VR Shirt #402,749,2
1140,shirt403.jpg,VR Shirt #403,749,2
1141,shirt404.jpg,VR Shirt #404,749,2
1142,shirt405.jpg,VR Shirt #405,749,2
1143,shirt406.jpg,VR Shirt #406,749,2
1144,shirt407.jpg,VR Shirt #407,749,2
1145,shirt408.jpg,VR Shirt #408,749,2
1146,shirt409.jpg,VR Shirt #409,749,2
1147,shirt410.jpg,VR Shirt #410,749,2
1148,shirt411.jpg,VR Shirt #411,749,2
1149,shirt412.jpg,VR Shirt #412,749,2
1150,shirt413.jpg,VR Shirt #413,749,2
1151,shirt414.jpg,VR Shirt #414,749,2
1152,shirt415.jpg,VR Shirt #415,749,2
1153,shirt416.jpg,VR Shirt #416,749,2
1154,shirt417.jpg,VR Shirt #417,749,2
1155,shirt418.jpg,VR Shirt #418,749,2
1156,shirt419.jpg,VR Shirt #419,749,2
1157,shirt420.jpg,VR Shirt #420,749,2
1158,shirt421.jpg,VR Shirt #421,749,2
1159,shirt422.jpg,VR Shirt #422,749,2
1160,shirt423.jpg,VR Shirt #423,749,2
1161,shirt424.jpg,VR Shirt #424,749,2
1162,shirt425.jpg,VR Shirt #425,749,2
1163,shirt426.jpg,VR Shirt #426,749,2
1164,shirt427.jpg,VR Shirt #427,749,2
1165,shirt428.jpg,VR Shirt #428,749,2
1166,shirt429.jpg,VR Shirt #429,749,2
1167,shirt430.jpg,VR Shirt #430,749,2
1168,shirt431.jpg,VR Shirt #431,749,2
1169,shirt432.jpg,VR Shirt #432,749,2
1170,shirt433.jpg,VR Shirt #433,749,2
1171,shirt434.jpg,VR Shirt #434,749,2
1172,shirt435.jpg,VR Shirt #435,749,2
1173,shirt436.jpg,VR Shirt #436,749,2
1174,shirt437.jpg,VR Shirt #437,749,2
1175,shirt438.jpg,VR Shirt #438,749,2
1176,shirt439.jpg,VR Shirt #439,749,2
1177,shirt440.jpg,VR Shirt #440,749,2
1178,shirt441.jpg,VR Shirt #441,749,2
1179,shirt442.jpg,VR Shirt #442,749,2
1180,shirt443.jpg,VR Shirt #443,749,2
1181,shirt444.jpg,VR Shirt #444,749,2
1182,shirt445.jpg,VR Shirt #445,749,2
1183,shirt446.jpg,VR Shirt #446,749,2
1184,shirt447.jpg,VR Shirt #447,749,2
1185,shirt448.jpg,VR Shirt #448,749,2
1186,shirt449.jpg,VR Shirt #449,749,2
1187,shirt450.jpg,VR Shirt #450,749,2
1188,shirt451.jpg,VR Shirt #451,749,2
1189,shirt452.jpg,VR Shirt #452,699,2
1190,shirt453.jpg,VR Shirt #453,699,2
1191,shirt454.jpg,VR Shirt #454,699,2
1192,shirt455.jpg,VR Shirt #455,699,2
1193,shirt456.jpg,VR Shirt #456,699,2
1194,shirt457.jpg,VR Shirt #457,699,2
1195,shirt458.jpg,VR Shirt #458,699,2
1196,shirt459.jpg,VR Shirt #459,699,2
1197,shirt460.jpg,VR Shirt #460,699,2
1198,shirt461.jpg,VR Shirt #461,699,2
1199,shirt462.jpg,VR Shirt #462,699,2
1200,shirt463.jpg,VR Shirt #463,699,2
1201,shirt464.jpg,VR Shirt #464,699,2
1202,shirt465.jpg,VR Shirt #465,699,2
1203,shirt466.jpg,VR Shirt #466,699,2
1204,shirt467.jpg,VR Shirt #467,699,2
1205,shirt468.jpg,VR Shirt #468,699,2
1206,shirt469.jpg,VR Shirt #469,699,2
1207,shirt470.jpg,VR Shirt #470,699,2
1208,shirt471.jpg,VR Shirt #471,699,2
1209,shirt472.jpg,VR Shirt #472,699,2
1210,shirt473.jpg,VR Shirt #473,699,2
1211,shirt474.jpg,VR Shirt #474,699,2
1212,shirt475.jpg,VR Shirt #475,699,2
1213,shirt476.jpg,VR Shirt #476,699,2
1214,shirt477.jpg,VR Shirt #477,699,2
1215,shirt478.jpg,VR Shirt #478,699,2
1216,shirt479.jpg,VR Shirt #479,699,2
1217,shirt480.jpg,VR Shirt #480,699,2
1218,shirt481.jpg,VR Shirt #481,699,2
1219,shirt482.jpg,VR Shirt #482,699,2
1220,shirt483.jpg,VR Shirt #483,699,2
1221,shirt484.jpg,VR Shirt #484,699,2
1222,shirt485.jpg,VR Shirt #485,699,2
1223,shirt486.jpg,VR Shirt #486,699,2
1224,shirt487.jpg,VR Shirt #487,699,2
1225,shirt488.jpg,VR Shirt #488,699,2
1226,shirt489.jpg,VR Shirt #489,699,2
1227,shirt490.jpg,VR Shirt #490,699,2
1228,shirt491.jpg,VR Shirt #491,699,2
1229,shirt492.jpg,VR Shirt #492,699,2
1230,shirt493.jpg,VR Shirt #493,699,2
1231,shirt494.jpg,VR Shirt #494,699,2
1232,shirt495.jpg,VR Shirt #495,699,2
1233,shirt496.jpg,VR Shirt #496,699,2
1234,shirt497.jpg,VR Shirt #497,699,2
1235,shirt498.jpg,VR Shirt #498,699,2
1236,shirt499.jpg,VR Shirt #499,699,2
1237,shirt500.jpg,VR Shirt #500,699,2
1238,shirt501.jpg,VR Shirt #501,699,2
1239,shirt502.jpg,VR Shirt #502,699,2
1240,shirt503.jpg,VR Shirt #503,699,2
1241,shirt504.jpg,VR Shirt #504,699,2
1242,shirt505.jpg,VR Shirt #505,699,2
1243,shirt506.jpg,VR Shirt #506,699,2
1244,shirt507.jpg,VR Shirt #507,699,2
1245,shirt508.jpg,VR Shirt #508,699,2
1246,shirt509.jpg,VR Shirt #509,699,2
1247,shirt510.jpg,VR Shirt #510,699,2
1248,shirt511.jpg,VR Shirt #511,699,2
1249,shirt512.jpg,VR Shirt #512,699,2
1250,shirt513.jpg,VR Shirt #513,699,2
1251,shirt514.jpg,VR Shirt #514,699,2
1252,shirt515.jpg,VR Shirt #515,699,2
1253,shirt516.jpg,VR Shirt #516,699,2
1254,shirt517.jpg,VR Shirt #517,699,2
1255,shirt518.jpg,VR Shirt #518,699,2
1256,shirt519.jpg,VR Shirt #519,699,2
1257,shirt520.jpg,VR Shirt #520,699,2
1258,shirt521.jpg,VR Shirt #521,699,2
1259,shirt522.jpg,VR Shirt #522,699,2
1260,shirt523.jpg,VR Shirt #523,699,2
1261,shirt524.jpg,VR Shirt #524,699,2
1262,shirt525.jpg,VR Shirt #525,699,2
1263,shirt526.jpg,VR Shirt #526,699,2
1264,shirt527.jpg,VR Shirt #527,699,2
1265,shirt528.jpg,VR Shirt #528,699,2
1266,shirt529.jpg,VR Shirt #529,699,2
1267,shirt530.jpg,VR Shirt #530,699,2
1268,shirt531.jpg,VR Shirt #531,699,2
1269,shirt532.jpg,VR Shirt #532,699,2
1270,shirt533.jpg,VR Shirt #533,699,2
1271,shirt534.jpg,VR Shirt #534,699,2
1272,shirt535.jpg,VR Shirt #535,699,2
1273,shirt536.jpg,VR Shirt #536,699,2
1274,shirt537.jpg,VR Shirt #537,699,2
1275,shirt538.jpg,VR Shirt #538,699,2
1276,shirt539.jpg,VR Shirt #539,699,2
1277,shirt540.jpg,VR Shirt #540,699,2
1278,shirt541.jpg,VR Shirt #541,699,2
1279,shirt542.jpg,VR Shirt #542,699,2
1280,shirt543.jpg,VR Shirt #543,699,2
1281,shirt544.jpg,VR Shirt #544,699,2
1282,shirt545.jpg,VR Shirt #545,699,2
1283,shirt546.jpg,VR Shirt #546,699,2
1284,shirt547.jpg,VR Shirt #547,699,2
1285,shirt548.jpg,VR Shirt #548,699,2
1286,shirt549.jpg,VR Shirt #549,699,2
1287,shirt550.jpg,VR Shirt #550,699,2
1288,shirt551.jpg,VR Shirt #551,699,2
1289,shirt552.jpg,VR Shirt #552,699,2
1290,shirt553.jpg,VR Shirt #553,699,2
1291,shirt554.jpg,VR Shirt #554,699,2
1292,shirt555.jpg,VR Shirt #555,699,2
1293,shirt556.jpg,VR Shirt #556,699,2
1294,shirt557.jpg,VR Shirt #557,699,2
1295,shirt558.jpg,VR Shirt #558,699,2
1296,shirt559.jpg,VR Shirt #559,699,2
1297,shirt560.jpg,VR Shirt #560,699,2
1298,shirt561.jpg,VR Shirt #561,699,2
1299,shirt562.jpg,VR Shirt #562,699,2
1300,shirt563.jpg,VR Shirt #563,699,2
1301,shirt564.jpg,VR Shirt #564,699,2
1302,shirt565.jpg,VR Shirt #565,699,2
1303,shirt566.jpg,VR Shirt #566,699,2
1304,shirt567.jpg,VR Shirt #567,699,2
1305,shirt568.jpg,VR Shirt #568,699,2
1306,shirt569.jpg,VR Shirt #569,699,2
1307,shirt570.jpg,VR Shirt #570,699,2
1308,shirt571.jpg,VR Shirt #571,699,2
1309,shirt572.jpg,VR Shirt #572,699,2
1310,shirt573.jpg,VR Shirt #573,699,2
1311,shirt574.jpg,VR Shirt #574,699,2
1312,shirt575.jpg,VR Shirt #575,699,2
1313,shirt576.jpg,VR Shirt #576,699,2
1314,shirt577.jpg,VR Shirt #577,699,2
1315,shirt578.jpg,VR Shirt #578,699,2
1316,shirt579.jpg,VR Shirt #579,699,2
1317,shirt580.jpg,VR Shirt #580,699,2
1318,shirt581.jpg,VR Shirt #581,699,2
1319,shirt582.jpg,VR Shirt #582,699,2
1320,shirt583.jpg,VR Shirt #583,699,2
1321,shirt584.jpg,VR Shirt #584,699,2
1322,shirt585.jpg,VR Shirt #585,699,2
1323,shirt586.jpg,VR Shirt #586,699,2
1324,shirt587.jpg,VR Shirt #587,699,2
1325,shirt588.jpg,VR Shirt #588,699,2
1326,shirt589.jpg,VR Shirt #589,699,2
1327,shirt590.jpg,VR Shirt #590,699,2
1328,shirt591.jpg,VR Shirt #591,699,2
1329,shirt592.jpg,VR Shirt #592,699,2
1330,shirt593.jpg,VR Shirt #593,699,2
1331,shirt594.jpg,VR Shirt #594,699,2
1332,shirt595.jpg,VR Shirt #595,699,2
1333,shirt596.jpg,VR Shirt #596,699,2
1334,shirt597.jpg,VR Shirt #597,999,2
1335,shirt598.jpg,VR Shirt #598,999,2
1336,shirt599.jpg,VR Shirt #599,999,2
1337,shirt600.jpg,VR Shirt #600,999,2
1338,shirt601.jpg,VR Shirt #601,999,2
1339,shirt602.jpg,VR Shirt #602,999,2
1340,shirt603.jpg,VR Shirt #603,999,2
1341,shirt604.jpg,VR Shirt #604,999,2
1342,shirt605.jpg,VR Shirt #605,999,2
1343,shirt606.jpg,VR Shirt #606,999,2
1344,shirt607.jpg,VR Shirt #607,999,2
1345,shirt608.jpg,VR Shirt #608,999,2
1346,shirt609.jpg,VR Shirt #609,999,2
1347,shirt610.jpg,VR Shirt #610,999,2
1348,shirt611.jpg,VR Shirt #611,999,2
1349,shirt612.jpg,VR Shirt #612,999,2
1350,shirt613.jpg,VR Shirt #613,999,2
1351,shirt614.jpg,VR Shirt #614,999,2
1352,shirt615.jpg,VR Shirt #615,999,2
1353,shirt616.jpg,VR Shirt #616,999,2
1354,shirt617.jpg,VR Shirt #617,999,2
1355,shirt618.jpg,VR Shirt #618,999,2
1356,shirt619.jpg,VR Shirt #619,999,2
1357,shirt620.jpg,VR Shirt #620,999,2
1358,shirt621.jpg,VR Shirt #621,999,2
1359,shirt622.jpg,VR Shirt #622,999,2
1360,shirt623.jpg,VR Shirt #623,999,2
1361,shirt624.jpg,VR Shirt #624,999,2
1362,shirt625.jpg,VR Shirt #625,999,2
1363,shirt626.jpg,VR Shirt #626,999,2
1364,shirt627.jpg,VR Shirt #627,999,2
1365,shirt628.jpg,VR Shirt #628,999,2
1366,shirt629.jpg,VR Shirt #629,999,2
1367,shirt630.jpg,VR Shirt #630,999,2
1368,shirt631.jpg,VR Shirt #631,999,2
1369,shirt632.jpg,VR Shirt #632,999,2
1370,shirt633.jpg,VR Shirt #633,999,2
1371,shirt634.jpg,VR Shirt #634,999,2
1372,shirt635.jpg,VR Shirt #635,999,2
1373,shirt636.jpg,VR Shirt #636,999,2
1374,shirt637.jpg,VR Shirt #637,699,2
1375,shirt638.jpg,VR Shirt #638,699,2
1376,shirt639.jpg,VR Shirt #639,489,2
1377,shirt640.jpg,VR Shirt #640,489,2
1378,shirt641.jpg,VR Shirt #641,489,2
1379,shirt642.jpg,VR Shirt #642,489,2
1380,shirt643.jpg,VR Shirt #643,489,2
1381,shirt644.jpg,VR Shirt #644,489,2
1382,shirt645.jpg,VR Shirt #645,489,2
1383,shirt646.jpg,VR Shirt #646,489,2
1384,shirt647.jpg,VR Shirt #647,489,2
1385,shirt648.jpg,VR Shirt #648,489,2
1386,shirt649.jpg,VR Shirt #649,489,2
1387,shirt650.jpg,VR Shirt #650,489,2
1388,shirt651.jpg,VR Shirt #651,489,2
1389,shirt652.jpg,VR Shirt #652,489,2
1390,shirt653.jpg,VR Shirt #653,489,2
1391,shirt654.jpg,VR Shirt #654,489,2
1392,shirt655.jpg,VR Shirt #655,489,2
1393,shirt656.jpg,VR Shirt #656,489,2
1394,shirt657.jpg,VR Shirt #657,489,2
1395,shirt658.jpg,VR Shirt #658,489,2
1396,shirt659.jpg,VR Shirt #659,489,2
1397,shirt660.jpg,VR Shirt #660,489,2
1398,shirt661.jpg,VR Shirt #661,489,2
1399,shirt662.jpg,VR Shirt #662,489,2
1400,shirt663.jpg,VR Shirt #663,489,2
1401,shirt664.jpg,VR Shirt #664,489,2
1402,shirt665.jpg,VR Shirt #665,489,2
1403,shirt666.jpg,VR Shirt #666,489,2
1404,shirt667.jpg,VR Shirt #667,489,2
1405,shirt668.jpg,VR Shirt #668,489,2
1406,shirt669.jpg,VR Shirt #669,489,2
1407,shirt670.jpg,VR Shirt #670,489,2
1408,shirt671.jpg,VR Shirt #671,489,2
1409,shirt672.jpg,VR Shirt #672,489,2
1410,shirt673.jpg,VR Shirt #673,489,2
1411,shirt674.jpg,VR Shirt #674,489,2
1412,shirt675.jpg,VR Shirt #675,820,2
1413,shirt676.jpg,VR Shirt #676,820,2
1414,shirt677.jpg,VR Shirt #677,820,2
1415,shirt678.jpg,VR Shirt #678,820,2
1416,shirt679.jpg,VR Shirt #679,820,2
1417,shirt680.jpg,VR Shirt #680,820,2
1418,shirt681.jpg,VR Shirt #681,820,2
1419,shirt682.jpg,VR Shirt #682,820,2
1420,shirt683.jpg,VR Shirt #683,820,2
1421,shirt684.jpg,VR Shirt #684,820,2
1422,shirt685.jpg,VR Shirt #685,820,2
1423,shirt686.jpg,VR Shirt #686,820,2
1424,shirt687.jpg,VR Shirt #687,820,2
1425,shirt688.jpg,VR Shirt #688,820,2
1426,shirt689.jpg,VR Shirt #689,820,2
1427,shirt690.jpg,VR Shirt #690,820,2
1428,shirt691.jpg,VR Shirt #691,820,2
1429,shirt692.jpg,VR Shirt #692,820,2
1430,shirt693.jpg,VR Shirt #693,820,2
1431,shirt694.jpg,VR Shirt #694,820,2
1432,shirt695.jpg,VR Shirt #695,820,2
1433,shirt696.jpg,VR Shirt #696,820,2
1434,shirt697.jpg,VR Shirt #697,820,2
1435,shirt698.jpg,VR Shirt #698,820,2
1436,shirt699.jpg,VR Shirt #699,820,2
1437,shirt700.jpg,VR Shirt #700,820,2
1438,shirt701.jpg,VR Shirt #701,820,2
1439,shirt702.jpg,VR Shirt #702,820,2
1440,shirt703.jpg,VR Shirt #703,820,2
1441,shirt704.jpg,VR Shirt #704,820,2
1442,shirt705.jpg,VR Shirt #705,820,2
1443,shirt706.jpg,VR Shirt #706,820,2
1444,shirt707.jpg,VR Shirt #707,820,2
1445,shirt708.jpg,VR Shirt #708,820,2
1446,shirt709.jpg,VR Shirt #709,820,2
1447,shirt710.jpg,VR Shirt #710,820,2
1448,shirt711.jpg,VR Shirt #711,820,2
1449,shirt712.jpg,VR Shirt #712,820,2
1450,shirt713.jpg,VR Shirt #713,820,2
1451,shirt714.jpg,VR Shirt #714,820,2
1452,shirt715.jpg,VR Shirt #715,820,2
1453,shirt716.jpg,VR Shirt #716,820,2
1454,shirt717.jpg,VR Shirt #717,820,2
1455,shirt718.jpg,VR Shirt #718,820,2
1456,shirt719.jpg,VR Shirt #719,820,2
1457,shirt720.jpg,VR Shirt #720,820,2
1458,shirt721.jpg,VR Shirt #721,820,2
1459,shirt722.jpg,VR Shirt #722,820,2
1460,shirt723.jpg,VR Shirt #723,820,2
1461,shirt724.jpg,VR Shirt #724,820,2
1462,shirt725.jpg,VR Shirt #725,820,2
1463,shirt726.jpg,VR Shirt #726,820,2
1464,shirt727.jpg,VR Shirt #727,820,2
1465,shirt728.jpg,VR Shirt #728,820,2
1466,shirt729.jpg,VR Shirt #729,820,2
1467,shirt730.jpg,VR Shirt #730,820,2
1468,shirt731.jpg,VR Shirt #731,820,2
1469,shirt732.jpg,VR Shirt #732,820,2
1470,shirt733.jpg,VR Shirt #733,820,2
1471,shirt734.jpg,VR Shirt #734,820,2
1472,shirt735.jpg,VR Shirt #735,820,2
1473,shirt736.jpg,VR Shirt #736,820,2
1474,shirt737.jpg,VR Shirt #737,820,2
1475,shirt738.jpg,VR Shirt #738,820,2
1476,shirt739.jpg,VR Shirt #739,820,2
1477,shirt740.jpg,VR Shirt #740,820,2
1478,shirt741.jpg,VR Shirt #741,820,2
1479,shirt742.jpg,VR Shirt #742,820,2
1480,shirt743.jpg,VR Shirt #743,820,2
1481,shirt744.jpg,VR Shirt #744,820,2
1482,p1.jpg,VR Pants #1,539,3
1483,p2.jpg,VR Pants #2,539,3
1484,p3.jpg,VR Pants #3,539,3
1485,p4.jpg,VR Pants #4,539,3
1486,p5.jpg,VR Pants #5,539,3
1487,p6.jpg,VR Pants #6,539,3
1488,p7.jpg,VR Pants #7,539,3
1489,p8.jpg,VR Pants #8,539,3
1490,p9.jpg,VR Pants #9,539,3
1491,p10.jpg,VR Pants #10,539,3
1492,p11.jpg,VR Pants #11,539,3
1493,p12.jpg,VR Pants #12,539,3
1494,p13.jpg,VR Pants #13,539,3
1495,p14.jpg,VR Pants #14,539,3
1496,p15.jpg,VR Pants #15,539,3
1497,p16.jpg,VR Pants #16,539,3
1498,p17.jpg,VR Pants #17,539,3
1499,p18.jpg,VR Pants #18,539,3
1500,p19.jpg,VR Pants #19,539,3
1501,p20.jpg,VR Pants #20,539,3
1502,p21.jpg,VR Pants #21,539,3
1503,p22.jpg,VR Pants #22,539,3
1504,p23.jpg,VR Pants #23,539,3
1505,p24.jpg,VR Pants #24,539,3
1506,p25.jpg,VR Pants #25,539,3
1507,p26.jpg,VR Pants #26,539,3
1508,p27.jpg,VR Pants #27,539,3
1509,p28.jpg,VR Pants #28,539,3
1510,p29.jpg,VR Pants #29,539,3
1511,p30.jpg,VR Pants #30,539,3
1512,p31.jpg,VR Pants #31,539,3
1513,p32.jpg,VR Pants #32,539,3
1514,p33.jpg,VR Pants #33,539,3
1515,p34.jpg,VR Pants #34,539,3
1516,p35.jpg,VR Pants #35,539,3
1517,p36.jpg,VR Pants #36,539,3
1518,p37.jpg,VR Pants #37,539,3
1519,p38.jpg,VR Pants #38,539,3
1520,p39.jpg,VR Pants #39,539,3
1521,p40.jpg,VR Pants #40,539,3
1522,p41.jpg,VR Pants #41,539,3
1523,p42.jpg,VR Pants #42,539,3
1524,p43.jpg,VR Pants #43,539,3
1525,p44.jpg,VR Pants #44,539,3
1526,p45.jpg,VR Pants #45,539,3
1527,p46.jpg,VR Pants #46,539,3
1528,p47.jpg,VR Pants #47,539,3
1529,p48.jpg,VR Pants #48,539,3
1530,p49.jpg,VR Pants #49,539,3
1531,p50.jpg,VR Pants #50,539,3
1532,p51.jpg,VR Pants #51,539,3
1533,p52.jpg,VR Pants #52,539,3
1534,p53.jpg,VR Pants #53,539,3
1535,p54.jpg,VR Pants #54,539,3
1536,p55.jpg,VR Pants #55,539,3
1537,p56.jpg,VR Pants #56,539,3
1538,p57.jpg,VR Pants #57,539,3
1539,p58.jpg,VR Pants #58,539,3
1540,p59.jpg,VR Pants #59,539,3
1541,p60.jpg,VR Pants #60,539,3
1542,p61.jpg,VR Pants #61,539,3
1543,p62.jpg,VR Pants #62,539,3
1544,p63.jpg,VR Pants #63,539,3
1545,p64.jpg,VR Pants #64,539,3
1546,p65.jpg,VR Pants #65,539,3
1547,p66.jpg,VR Pants #66,539,3
1548,p67.jpg,VR Pants #67,539,3
1549,p68.jpg,VR Pants #68,539,3
1550,p69.jpg,VR Pants #69,539,3
1551,p70.jpg,VR Pants #70,539,3
1552,p71.jpg,VR Pants #71,539,3
1553,p72.jpg,VR Pants #72,1249,3
1554,p73.jpg,VR Pants #73,1249,3
1555,p74.jpg,VR Pants #74,1249,3
1556,p75.jpg,VR Pants #75,1249,3
1557,p76.jpg,VR Pants #76,1249,3
1558,p77.jpg,VR Pants #77,1249,3
1559,p78.jpg,VR Pants #78,1249,3
1560,p79.jpg,VR Pants #79,1249,3
1561,p80.jpg,VR Pants #80,1249,3
1562,p81.jpg,VR Pants #81,1249,3
1563,p82.jpg,VR Pants #82,1249,3
1564,p83.jpg,VR Pants #83,1249,3
1565,p84.jpg,VR Pants #84,1249,3
1566,p85.jpg,VR Pants #85,1249,3
1567,p86.jpg,VR Pants #86,1249,3
1568,p87.jpg,VR Pants #87,1249,3
1569,p88.jpg,VR Pants #88,1249,3
1570,p89.jpg,VR Pants #89,1249,3
1571,p90.jpg,VR Pants #90,1249,3
1572,p91.jpg,VR Pants #91,1249,3
1573,p92.jpg,VR Pants #92,1249,3
1574,p93.jpg,VR Pants #93,1249,3
1575,p94.jpg,VR Pants #94,1249,3
1576,p95.jpg,VR Pants #95,1249,3
1577,p96.jpg,VR Pants #96,1249,3
1578,p97.jpg,VR Pants #97,1249,3
1579,p98.jpg,VR Pants #98,1249,3
1580,p99.jpg,VR Pants #99,1249,3
1581,p100.jpg,VR Pants #100,1249,3
1582,p101.jpg,VR Pants #101,1249,3
1583,p102.jpg,VR Pants #102,1249,3
1584,p103.jpg,VR Pants #103,1249,3
1585,p104.jpg,VR Pants #104,1249,3
1586,p105.jpg,VR Pants #105,1249,3
1587,p106.jpg,VR Pants #106,1249,3
1588,p107.jpg,VR Pants #107,1249,3
1589,p108.jpg,VR Pants #108,1249,3
1590,p109.jpg,VR Pants #109,1249,3
1591,p110.jpg,VR Pants #110,1249,3
1592,p111.jpg,VR Pants #111,1249,3
1593,p112.jpg,VR Pants #112,1249,3
1594,p113.jpg,VR Pants #113,1249,3
1595,p114.jpg,VR Pants #114,899,3
1596,p115.jpg,VR Pants #115,899,3
1597,p116.jpg,VR Pants #116,899,3
1598,p117.jpg,VR Pants #117,899,3
1599,p118.jpg,VR Pants #118,899,3
1600,p119.jpg,VR Pants #119,899,3
1601,p120.jpg,VR Pants #120,899,3
1602,p121.jpg,VR Pants #121,899,3
1603,p122.jpg,VR Pants #122,899,3
1604,p123.jpg,VR Pants #123,899,3
1605,p124.jpg,VR Pants #124,899,3
1606,p125.jpg,VR Pants #125,899,3
1607,p126.jpg,VR Pants #126,899,3
1608,p127.jpg,VR Pants #127,899,3
1609,p128.jpg,VR Pants #128,899,3
1610,p129.jpg,VR Pants #129,899,3
1611,p130.jpg,VR Pants #130,899,3
1612,p131.jpg,VR Pants #131,899,3
1613,p132.jpg,VR Pants #132,899,3
1614,p133.jpg,VR Pants #133,899,3
1615,p134.jpg,VR Pants #134,899,3
1616,p135.jpg,VR Pants #135,899,3
1617,p136.jpg,VR Pants #136,899,3
1618,p137.jpg,VR Pants #137,899,3
1619,p138.jpg,VR Pants #138,899,3
1620,p139.jpg,VR Pants #139,899,3
1621,p140.jpg,VR Pants #140,899,3
1622,p141.jpg,VR Pants #141,899,3
1623,p142.jpg,VR Pants #142,899,3
1624,p143.jpg,VR Pants #143,899,3
1625,p144.jpg,VR Pants #144,899,3
1626,p145.jpg,VR Pants #145,899,3
1627,p146.jpg,VR Pants #146,899,3
1628,p147.jpg,VR Pants #147,899,3
1629,p148.jpg,VR Pants #148,899,3
1630,p149.jpg,VR Pants #149,899,3
1631,p150.jpg,VR Pants #150,899,3
1632,p151.jpg,VR Pants #151,899,3
1633,p152.jpg,VR Pants #152,899,3
1634,p153.jpg,VR Pants #153,899,3
1635,p154.jpg,VR Pants #154,899,3
1636,p155.jpg,VR Pants #155,899,3
1637,p156.jpg,VR Pants #156,899,3
1638,p157.jpg,VR Pants #157,899,3
1639,p158.jpg,VR Pants #158,899,3
1640,p159.jpg,VR Pants #159,899,3
1641,p160.jpg,VR Pants #160,899,3
1642,p161.jpg,VR Pants #161,899,3
1643,p162.jpg,VR Pants #162,899,3
1644,p163.jpg,VR Pants #163,899,3
1645,p164.jpg,VR Pants #164,899,3
1646,p165.jpg,VR Pants #165,899,3
1647,p166.jpg,VR Pants #166,899,3
1648,hs42.jpg,VR Product #41,756,4
1649,hs43.jpg,VR Product #40,756,4
1650,hs1.jpg,VR Product #39,756,4
1651,hs2.jpg,VR Product #38,756,4
1652,hs3.jpg,VR Product #37,756,4
1653,hs4.jpg,VR Product #36,756,4
1654,hs5.jpg,VR Product #35,756,4
1655,hs6.jpg,VR Product #34,756,4
1656,hs7.jpg,VR Product #33,756,4
1657,hs8.jpg,VR Product #32,756,4
1658,hs9.jpg,VR Product #31,756,4
1659,hs10.jpg,VR Product #30,756,4
1660,hs11.jpg,VR Product #29,756,4
1661,hs12.jpg,VR Product #28,756,4
1662,hs13.jpg,VR Product #27,756,4
1663,hs14.jpg,VR Product #26,756,4
1664,hs15.jpg,VR Product #25,499,4
1665,hs16.jpg,VR Product #24,499,4
1666,hs17.jpg,VR Product #23,499,4
1667,hs18.jpg,VR Product #22,499,4
1668,hs19.jpg,VR Product #21,499,4
1669,hs20.jpg,VR Product #20,499,4
1670,hs21.jpg,VR Product #19,499,4
1671,hs22.jpg,VR Product #18,499,4
1672,hs23.jpg,VR Product #17,499,4
1673,hs24.jpg,VR Product #16,499,4
1674,hs25.jpg,VR Product #15,499,4
1675,hs26.jpg,VR Product #14,499,4
1676,hs27.jpg,VR Product #13,499,4
1677,hs28.jpg,VR Product #12,499,4
1678,hs29.jpg,VR Product #11,499,4
1679,hs30.jpg,VR Product #10,499,4
1680,hs31.jpg,VR Product #9,499,4
1681,hs32.jpg,VR Product #8,499,4
1682,hs33.jpg,VR Product #7,499,4
1683,hs34.jpg,VR Product #6,499,4
1684,hs35.jpg,VR Product #5,499,4
1685,hs36.jpg,VR Product #4,499,4
1686,hs37.jpg,VR Product #3,499,4
1687,hs38.jpg,VR Product #2,499,4
1688,hs39.jpg,VR Product #1,499,4
1689,hs40.jpg,VR Product #0,499,4
1690,hs41.jpg,VR Product #1,499,4
